id,topic_or_prompt,post_type,scheduled_time,generated_caption,media_url,link_url,status,fb_post_id,fb_post_url,error_log
1,"Pentingnya Pemupukan Berimbang untuk Meningkatkan Rendemen Kelapa Sawit",TEXT,2026-09-30 08:00:00,"Halo Sahabat Sawit Nusantara! 🌱

Tahukah Anda bahwa pemupukan berimbang adalah kunci utama meningkatkan rendemen TBS sawit? Pastikan unsur Makro (N, P, K, Mg) dan Mikro tercukupi sesuai fase tanaman.

Bagaimana jadwal pemupukan kebun sawit Anda musim ini? Yuk diskusi di kolom komentar! 👇 #SolusiSawitNusantara #KelapaSawit #SawitIndonesia #PetaniSawit",,,READY,,,
2,"Ciri-ciri Bibit Sawit Unggul Bersertifikat",IMAGE,2026-10-01 10:00:00,"Jangan sampai salah pilih bibit kelapa sawit! 🌿

Bibit unggul bersertifikat menjamin produksi TBS melimpah hingga 25 tahun ke depan. Ciri fisiknya: pelepah kokoh, daun hijau segar tanpa bercak, dan sertifikat resmi dari produsen benih terpercaya.

Investasi cerdas dimulai dari bibit berkualitas! #BibitSawitUnggul #PetaniCerdas #PerkebunanSawit",https://images.unsplash.com/photo-1542601906990-b4d3fb778b09?w=800,,READY,,,
3,"Tips Pengendalian Hama Ulat Api pada Tanaman Kelapa Sawit",TEXT,2026-10-02 14:00:00,,,,GENERATE_AI,,,
4,"Panduan Perawatan Sawit Fase TBM Menuju TM yang Efisien",LINK,2026-10-03 09:30:00,"Peralihan dari Tanaman Belum Menghasilkan (TBM) ke Tanaman Menghasilkan (TM) membutuhkan ketelitian ekstra. Simak artikel panduan selengkapnya di tautan berikut 👇",,https://example.com/panduan-sawit,READY,,,
5,"Strategi Meningkatkan Bobot Janjang TBS Saat Musim Hujan",TEXT,2026-10-05 16:00:00,,,,DRAFT,,,
